date,year,month,trad_9,cont_9,kids_11,trad_11,cont_11,boxcast_9,youtube_9,facebook_9,boxcast_11,youtube_11,facebook_11,in_person,online,total,is_snow,is_easter,is_christmas_eve,exclude_from_averages,notes
2021-01-03,2021,1,,,,,,119,,54,71,,19,,441,441,false,false,false,false,COVID-era Jan–Feb 2021 schedule
2021-01-10,2021,1,,,,,,133,,61,63,,27,,453,453,false,false,false,false,COVID-era Jan–Feb 2021 schedule
2021-01-17,2021,1,,,,,,114,,60,58,,,,400,400,false,false,false,false,COVID-era Jan–Feb 2021 schedule
2021-01-24,2021,1,,,,,,110,,66,70,,21,,444,444,false,false,false,false,COVID-era Jan–Feb 2021 schedule
2021-01-31,2021,1,,,,,,110,,58,61,,18,,418,418,false,false,false,false,COVID-era Jan–Feb 2021 schedule
2021-02-07,2021,2,,,,,,93,,68,57,,16,,398,398,false,false,false,false,COVID-era Jan–Feb 2021 schedule
2021-02-14,2021,2,,,,,,99,,54,64,,14,,386,386,false,false,false,false,COVID-era Jan–Feb 2021 schedule
2021-02-21,2021,2,,,,,,114,,55,57,,14,,390,390,false,false,false,false,COVID-era Jan–Feb 2021 schedule
2021-02-28,2021,2,,,,,,97,,48,71,,17,,374,374,false,false,false,false,COVID-era Jan–Feb 2021 schedule
2021-03-07,2021,3,106,0,40,0,96,122,63,36,76,,21,242,318,560,false,false,false,false,
2021-03-14,2021,3,86,0,21,0,101,99,72,40,68,89,21,208,389,597,false,false,false,false,
2021-03-21,2021,3,80,0,17,0,113,131,66,0,104,92,27,210,420,630,false,false,false,false,
2021-03-28,2021,3,62,57,40,64,118,114,84,41,97,124,32,341,492,833,false,false,false,false,
2021-04-04,2021,4,147,169,38,177,204,146,192,51,133,101,35,735,658,1393,false,true,false,false,Easter Sunday
2021-04-11,2021,4,84,79,0,152,119,101,77,41,64,58,16,434,357,791,false,false,false,false,
2021-04-18,2021,4,75,76,0,129,162,,93,44,,96,30,442,263,705,false,false,false,false,
2021-04-25,2021,4,83,80,0,126,152,82,66,29,66,77,18,441,338,779,false,false,false,false,
2021-05-02,2021,5,91,93,0,114,183,82,56,25,65,59,27,481,314,795,false,false,false,false,
2021-05-09,2021,5,77,79,26,83,118,73,67,19,49,62,13,383,283,666,false,false,false,false,
2021-05-16,2021,5,89,72,0,121,146,74,61,21,61,56,22,428,295,723,false,false,false,false,
2021-05-23,2021,5,86,84,0,124,120,66,89,19,,62,13,414,249,663,false,false,false,false,
2021-05-30,2021,5,76,83,0,147,93,74,80,24,49,50,13,399,290,689,false,false,false,false,
2021-06-06,2021,6,69,88,0,132,107,63,75,26,44,74,13,396,295,691,false,false,false,false,
2021-06-13,2021,6,87,77,0,128,136,51,58,18,51,92,15,428,285,713,false,false,false,false,
2021-06-20,2021,6,85,71,0,109,134,47,79,24,44,122,15,399,331,730,false,false,false,false,
2021-06-27,2021,6,75,83,0,94,162,47,91,18,65,78,15,414,314,728,false,false,false,false,
2021-07-04,2021,7,58,64,0,115,79,0,99,25,53,83,17,316,277,593,false,false,false,false,
2021-07-11,2021,7,71,96,0,149,149,20,89,21,48,75,14,465,267,732,false,false,false,false,
2021-07-18,2021,7,86,87,0,143,152,58,80,19,52,66,16,468,291,759,false,false,false,false,
2021-07-25,2021,7,83,64,0,153,190,66,76,25,42,96,17,490,322,812,false,false,false,false,
2021-08-01,2021,8,94,110,0,159,116,9,57,0,61,11,24,479,162,641,false,false,false,false,
2021-08-08,2021,8,90,107,66,121,204,56,74,27,63,76,22,588,318,906,false,false,false,false,
2021-08-15,2021,8,83,88,47,146,186,56,67,26,52,105,21,550,327,877,false,false,false,false,
2021-08-22,2021,8,78,116,33,119,168,77,71,21,62,78,24,514,333,847,false,false,false,false,
2021-08-29,2021,8,77,72,20,111,96,68,102,19,70,133,19,376,411,787,false,false,false,false,
2021-09-05,2021,9,74,71,19,91,119,47,49,26,54,79,31,374,286,660,false,false,false,false,
2021-09-12,2021,9,87,67,27,116,125,64,85,21,64,81,23,422,338,760,false,false,false,false,
2021-09-19,2021,9,84,70,26,117,149,55,75,28,64,92,21,446,335,781,false,false,false,false,
2021-09-26,2021,9,86,57,34,105,129,56,109,26,57,75,14,411,337,748,false,false,false,false,
2021-10-03,2021,10,87,146,19,68,111,1,113,24,78,118,24,431,358,789,false,false,false,false,
2021-10-10,2021,10,75,62,15,106,128,67,98,19,48,98,21,386,351,737,false,false,false,false,
2021-10-17,2021,10,65,69,18,103,106,44,42,26,55,54,14,361,235,596,false,false,false,false,
2021-10-24,2021,10,78,81,26,111,122,47,71,25,47,83,16,418,289,707,false,false,false,false,
2021-10-31,2021,10,78,91,33,130,114,41,9,17,53,17,13,446,150,596,false,false,false,false,
2021-11-07,2021,11,96,84,21,125,110,57,114,23,47,93,28,436,362,798,false,false,false,false,
2021-11-14,2021,11,86,84,30,113,161,57,54,23,53,67,17,474,271,745,false,false,false,false,
2021-11-21,2021,11,99,103,20,140,145,0,15,0,48,22,18,507,103,610,false,false,false,false,
2021-11-28,2021,11,139,58,26,72,167,63,22,23,66,12,20,462,206,668,false,false,false,false,
2021-12-05,2021,12,98,88,49,134,161,57,18,0,57,16,0,530,148,678,false,false,false,false,
2021-12-12,2021,12,101,91,42,126,222,52,9,14,51,9,0,582,135,717,false,false,false,false,
2021-12-19,2021,12,110,102,33,147,165,28,0,23,16,6,0,557,73,630,false,false,false,false,
2021-12-26,2021,12,76,0,,0,70,55,9,0,58,9,19,146,150,296,false,false,false,false,
2022-01-02,2022,1,91,73,23,94,135,60,81,25,65,114,17,416,362,778,false,false,false,false,
2022-01-09,2022,1,81,86,24,96,184,65,80,30,80,148,25,471,428,899,false,false,false,false,
2022-01-16,2022,1,54,60,19,63,84,77,93,25,89,93,17,280,394,674,false,false,false,false,
2022-01-23,2022,1,67,87,24,74,136,70,74,27,87,79,29,388,366,754,false,false,false,false,
2022-01-30,2022,1,79,71,33,121,153,66,67,73,60,38,77,457,381,838,false,false,false,false,
2022-02-06,2022,2,92,82,27,136,161,65,86,32,51,88,19,498,341,839,false,false,false,false,
2022-02-13,2022,2,88,73,32,132,163,56,120,25,63,88,20,488,372,860,false,false,false,false,
2022-02-20,2022,2,90,82,44,117,227,51,88,22,57,88,15,560,321,881,false,false,false,false,
2022-02-27,2022,2,112,89,45,124,177,44,67,30,54,106,30,547,331,878,false,false,false,false,
2022-03-06,2022,3,99,93,53,153,159,14,116,47,,92,29,557,298,855,false,false,false,false,
2022-03-13,2022,3,66,42,26,74,74,52,113,49,52,126,41,282,433,715,false,false,false,false,
2022-03-20,2022,3,88,90,35,130,155,38,83,1,52,72,1,498,247,745,false,false,false,false,
2022-03-27,2022,3,85,70,40,131,211,38,61,8,55,88,10,537,260,797,false,false,false,false,
2022-04-03,2022,4,109,103,44,136,196,37,42,27,55,84,45,588,290,878,false,false,false,false,
2022-04-10,2022,4,109,96,48,157,268,48,41,31,61,43,29,678,253,931,false,false,false,false,
2022-04-17,2022,4,,,,570,711,,,,,,,1281,,1281,false,true,false,false,Easter 2022 backfilled; weekly sheet column blank
2022-04-24,2022,4,105,111,36,136,160,43,59,27,40,71,30,548,270,818,false,false,false,false,
2022-05-01,2022,5,96,109,29,130,220,53,86,18,53,68,28,584,306,890,false,false,false,false,
2022-05-08,2022,5,117,87,35,146,205,42,85,42,42,88,31,590,330,920,false,false,false,false,
2022-05-15,2022,5,88,79,38,138,204,69,109,0,59,149,5,547,391,938,false,false,false,false,
2022-05-22,2022,5,66,90,0,167,138,35,161,40,46,112,28,461,422,883,false,false,false,false,
2022-05-29,2022,5,75,65,0,92,112,49,52,33,41,51,33,344,259,603,false,false,false,false,
2022-06-05,2022,6,99,85,30,130,162,44,23,30,46,55,31,506,229,735,false,false,false,false,
2022-06-12,2022,6,76,72,26,113,137,46,48,30,44,52,43,424,263,687,false,false,false,false,
2022-06-19,2022,6,78,76,18,99,194,55,74,43,47,73,54,465,346,811,false,false,false,false,
2022-06-26,2022,6,91,85,21,100,120,58,68,42,51,110,24,417,353,770,false,false,false,false,
2022-07-03,2022,7,85,67,0,89,153,81,93,37,58,117,25,394,411,805,false,false,false,false,
2022-07-10,2022,7,83,93,31,128,176,0,98,0,0,92,12,511,202,713,false,false,false,false,
2022-07-17,2022,7,94,145,27,190,130,85,76,19,62,85,17,586,344,930,false,false,false,false,
2022-07-24,2022,7,82,77,0,151,179,57,82,18,47,102,13,489,319,808,false,false,false,false,
2022-07-31,2022,7,79,89,20,127,208,50,79,15,72,59,17,523,292,815,false,false,false,false,
2022-08-07,2022,8,101,95,0,173,277,0,90,22,0,137,19,646,268,914,false,false,false,false,
2022-08-14,2022,8,87,86,60,112,241,37,114,18,41,163,17,586,390,976,false,false,false,false,
2022-08-21,2022,8,122,90,51,241,253,40,111,13,45,71,21,757,301,1058,false,false,false,false,
2022-08-28,2022,8,84,90,72,159,229,41,62,4,45,129,1,634,282,916,false,false,false,false,
2022-09-04,2022,9,86,81,51,116,180,43,71,25,47,90,15,514,291,805,false,false,false,false,
2022-09-11,2022,9,101,59,53,140,195,44,48,18,45,68,19,548,242,790,false,false,false,false,
2022-09-18,2022,9,92,67,65,138,213,40,45,14,41,44,13,575,197,772,false,false,false,false,
2022-09-25,2022,9,79,74,34,131,197,59,74,17,64,108,23,515,345,860,false,false,false,false,
2022-10-02,2022,10,77,79,32,280,215,40,79,17,43,75,15,683,269,952,false,false,false,false,
2022-10-09,2022,10,84,68,26,143,126,44,50,16,41,40,12,447,203,650,false,false,false,false,
2022-10-16,2022,10,89,74,64,129,191,37,93,17,46,76,9,547,278,825,false,false,false,false,
2022-10-23,2022,10,60,65,42,176,196,42,59,18,31,131,11,539,292,831,false,false,false,false,
2022-10-30,2022,10,81,71,27,143,,56,68,39,40,70,29,322,302,624,false,false,false,false,
2022-11-06,2022,11,113,92,48,108,162,48,58,32,42,70,22,523,272,795,false,false,false,false,
2022-11-13,2022,11,103,84,36,153,215,44,74,35,50,65,22,591,290,881,false,false,false,false,
2022-11-20,2022,11,113,94,52,137,210,71,37,21,65,33,19,606,246,852,false,false,false,false,
2022-11-27,2022,11,71,64,28,147,196,62,97,13,78,102,11,506,363,869,false,false,false,false,
2022-12-04,2022,12,109,88,54,131,221,57,89,18,57,135,10,603,366,969,false,false,false,false,
2022-12-11,2022,12,81,166,34,96,228,40,90,22,46,114,15,605,327,932,false,false,false,false,
2022-12-18,2022,12,127,98,34,162,235,44,89,16,50,79,12,656,290,946,false,false,false,false,
2022-12-25,2022,12,95,0,0,0,0,0,0,0,0,0,0,95,0,95,false,false,false,true,Christmas Day on Sunday
2023-01-01,2023,1,89,0,0,0,179,50,83,19,57,74,15,268,298,566,false,false,false,false,
2023-01-08,2023,1,92,103,45,174,221,53,74,14,58,109,20,635,328,963,false,false,false,false,
2023-01-15,2023,1,105,80,58,150,275,46,78,17,47,95,18,668,301,969,false,false,false,false,
2023-01-22,2023,1,95,100,52,181,248,54,64,15,50,120,19,676,322,998,false,false,false,false,
2023-01-29,2023,1,86,77,45,149,224,43,90,25,57,92,13,581,320,901,false,false,false,false,
2023-02-05,2023,2,111,101,57,156,249,46,71,33,57,74,47,674,328,1002,false,false,false,false,
2023-02-12,2023,2,84,91,46,159,220,51,52,23,57,50,32,600,265,865,false,false,false,false,
2023-02-19,2023,2,109,77,0,237,218,45,59,54,51,48,45,641,302,943,false,false,false,false,
2023-02-26,2023,2,106,103,42,163,251,51,47,44,48,51,23,665,264,929,false,false,false,false,
2023-03-05,2023,3,111,95,39,161,253,47,49,24,47,65,14,659,246,905,false,false,false,false,
2023-03-12,2023,3,74,69,0,114,184,39,44,49,44,62,43,441,281,722,false,false,false,false,
2023-03-19,2023,3,109,85,40,148,221,46,47,30,59,47,23,603,252,855,false,false,false,false,
2023-03-26,2023,3,96,88,55,182,278,42,48,27,54,57,18,699,246,945,false,false,false,false,
2023-04-02,2023,4,100,111,,268,276,50,69,24,55,52,20,755,270,1025,false,false,false,false,
2023-04-09,2023,4,292,305,,340,450,80,92,33,58,68,28,1387,359,1746,false,true,false,false,Easter Sunday
2023-04-16,2023,4,115,85,46,152,234,54,70,23,59,53,24,632,283,915,false,false,false,false,
2023-04-23,2023,4,100,73,44,163,209,42,46,14,64,50,19,589,235,824,false,false,false,false,
2023-04-30,2023,4,100,93,25,173,270,34,82,32,48,113,38,661,347,1008,false,false,false,false,
2023-05-07,2023,5,102,104,42,172,171,44,64,31,43,61,38,591,281,872,false,false,false,false,
2023-05-14,2023,5,95,95,0,170,266,37,74,22,38,93,24,626,288,914,false,false,false,false,
2023-05-21,2023,5,105,84,48,150,136,41,54,37,37,63,30,523,262,785,false,false,false,false,
2023-05-28,2023,5,92,74,0,124,176,35,87,31,26,117,35,466,331,797,false,false,false,false,
2023-06-04,2023,6,115,84,26,144,174,39,64,24,32,64,22,543,245,788,false,false,false,false,
2023-06-11,2023,6,214,0,48,384,0,51,26,28,55,26,86,646,272,918,false,false,false,false,
2023-06-18,2023,6,88,87,16,123,190,13,48,13,36,59,19,504,188,692,false,false,false,false,
2023-06-25,2023,6,180,0,55,0,248,45,84,28,44,64,25,483,290,773,false,false,false,false,
2023-07-02,2023,7,75,83,38,164,166,30,87,36,38,78,36,526,305,831,false,false,false,false,
2023-07-09,2023,7,106,93,36,130,200,44,101,32,47,115,31,565,370,935,false,false,false,false,
2023-07-16,2023,7,103,130,0,284,158,62,115,37,55,65,27,675,361,1036,false,false,false,false,
2023-07-23,2023,7,100,83,42,141,186,38,75,31,38,103,17,552,302,854,false,false,false,false,
2023-07-30,2023,7,110,88,32,170,190,93,105,17,46,91,18,590,370,960,false,false,false,false,
2023-08-06,2023,8,95,87,0,161,287,19,82,25,49,87,19,630,281,911,false,false,false,false,
2023-08-13,2023,8,113,90,60,162,205,35,64,18,32,72,15,630,236,866,false,false,false,false,
2023-08-20,2023,8,126,114,48,151,233,34,62,30,46,55,27,672,254,926,false,false,false,false,
2023-08-27,2023,8,114,87,46,201,233,54,53,31,46,51,32,681,267,948,false,false,false,false,
2023-09-03,2023,9,119,86,,124,206,57,72,26,44,70,18,535,287,822,false,false,false,false,
2023-09-10,2023,9,100,70,41,178,160,55,41,30,35,73,12,549,246,795,false,false,false,false,
2023-09-17,2023,9,84,66,46,147,216,72,84,16,57,84,14,559,327,886,false,false,false,false,
2023-09-24,2023,9,97,67,43,151,204,35,90,14,56,80,10,562,285,847,false,false,false,false,
2023-10-01,2023,10,99,72,45,147,193,37,52,19,57,58,16,556,239,795,false,false,false,false,
2023-10-08,2023,10,76,62,0,157,153,46,68,29,52,73,24,448,292,740,false,false,false,false,
2023-10-15,2023,10,85,72,43,143,164,50,60,29,49,46,25,507,259,766,false,false,false,false,
2023-10-22,2023,10,81,67,54,121,108,37,61,18,52,39,22,431,229,660,false,false,false,false,
2023-10-29,2023,10,87,80,0,263,142,38,60,24,48,56,22,572,248,820,false,false,false,false,
2023-11-05,2023,11,146,121,34,168,210,42,77,26,55,50,21,679,271,950,false,false,false,false,
2023-11-12,2023,11,101,91,63,136,236,42,80,33,58,62,16,627,291,918,false,false,false,false,
2023-11-19,2023,11,109,113,0,104,288,38,57,17,46,198,16,614,372,986,false,false,false,false,
2023-11-26,2023,11,95,85,0,166,203,31,63,16,54,,14,549,178,727,false,false,false,false,
2023-12-03,2023,12,110,83,62,176,231,49,93,13,65,111,17,662,348,1010,false,false,false,false,
2023-12-10,2023,12,96,80,50,167,183,41,71,13,47,75,14,576,261,837,false,false,false,false,
2023-12-17,2023,12,113,90,37,209,193,53,61,13,82,44,16,642,269,911,false,false,false,false,
2023-12-31,2023,12,155,0,0,0,225,64,78,0,59,85,0,380,286,666,false,false,false,false,
2024-01-07,2024,1,101,89,56,119,217,62,90,,68,80,,582,300,882,false,false,false,false,
2024-01-14,2024,1,99,88,40,207,219,63,90,,58,65,,653,276,929,false,false,false,false,
2024-01-21,2024,1,,,,,21,,101,,277,160,,21,538,559,true,false,false,false,limited weather Sunday
2024-01-28,2024,1,110,77,49,169,232,49,71,,67,66,,637,253,890,false,false,false,false,
2024-02-04,2024,2,103,88,52,171,255,46,92,,70,75,,669,283,952,false,false,false,false,
2024-02-11,2024,2,130,87,22,229,204,68,139,,64,150,,672,421,1093,false,false,false,false,
2024-02-18,2024,2,117,83,41,160,241,51,101,,56,122,,642,330,972,false,false,false,false,
2024-02-25,2024,2,78,207,50,115,158,87,90,,62,88,,608,327,935,false,false,false,false,
2024-03-03,2024,3,101,93,62,176,261,54,90,,61,66,,693,271,964,false,false,false,false,
2024-03-10,2024,3,103,56,0,155,173,33,74,,43,89,,487,239,726,false,false,false,false,
2024-03-17,2024,3,109,89,38,180,193,57,69,,57,79,,609,262,871,false,false,false,false,
2024-03-24,2024,3,112,101,0,222,390,45,68,,41,69,,825,223,1048,false,false,false,false,
2024-03-31,2024,3,267,272,0,350,551,58,105,,45,112,,1440,320,1760,false,true,false,false,Easter Sunday
2024-04-07,2024,4,114,101,8,184,206,42,130,,35,104,,613,311,924,false,false,false,false,
2024-04-14,2024,4,116,80,48,147,223,35,91,,44,52,,614,222,836,false,false,false,false,
2024-04-21,2024,4,116,64,51,168,287,43,92,,42,62,,686,239,925,false,false,false,false,
2024-04-28,2024,4,87,85,47,153,243,42,89,,43,76,,615,250,865,false,false,false,false,
2024-05-05,2024,5,144,91,33,202,228,34,75,,39,86,,698,234,932,false,false,false,false,
2024-05-12,2024,5,119,98,50,237,309,35,88,,29,124,,813,276,1089,false,false,false,false,
2024-05-19,2024,5,103,74,79,155,141,42,98,,76,40,,552,256,808,false,false,false,false,
2024-05-26,2024,5,116,52,39,158,134,54,100,,50,85,,499,289,788,false,false,false,false,
2024-06-02,2024,6,119,73,34,137,176,54,42,,37,95,,539,228,767,false,false,false,false,
2024-06-09,2024,6,93,156,0,89,170,37,94,,44,112,,508,287,795,false,false,false,false,
2024-06-16,2024,6,104,78,24,155,147,37,84,,33,89,,508,243,751,false,false,false,false,
2024-06-23,2024,6,96,74,45,138,170,33,113,,19,107,,523,272,795,false,false,false,false,
2024-06-30,2024,6,112,73,0,140,143,54,96,,47,110,,468,307,775,false,false,false,false,
2024-07-07,2024,7,114,67,0,146,176,35,77,,42,73,,503,227,730,false,false,false,false,
2024-07-14,2024,7,103,140,50,161,155,43,50,,44,80,,609,217,826,false,false,false,false,
2024-07-21,2024,7,68,103,28,132,176,64,48,,33,100,,507,245,752,false,false,false,false,
2024-07-28,2024,7,99,69,48,162,185,39,70,,38,149,,563,296,859,false,false,false,false,
2024-08-04,2024,8,126,91,35,143,189,35,114,,36,93,,584,278,862,false,false,false,false,
2024-08-11,2024,8,107,90,0,224,276,33,129,,39,101,,697,302,999,false,false,false,false,
2024-08-18,2024,8,96,81,62,192,208,38,108,,33,101,,639,280,919,false,false,false,false,
2024-08-25,2024,8,100,87,41,184,211,36,100,,36,87,,623,259,882,false,false,false,false,
2024-09-01,2024,9,102,69,0,126,215,36,93,,38,115,,512,282,794,false,false,false,false,
2024-09-08,2024,9,86,98,38,144,205,31,85,,38,71,,571,225,796,false,false,false,false,
2024-09-15,2024,9,113,81,28,180,166,32,89,,42,70,,568,233,801,false,false,false,false,
2024-09-22,2024,9,97,76,51,179,178,40,72,,37,115,,581,264,845,false,false,false,false,
2024-09-29,2024,9,108,95,0,192,164,38,102,,35,86,,559,261,820,false,false,false,false,
2024-10-06,2024,10,91,91,0,110,186,35,107,,36,110,,478,288,766,false,false,false,false,
2024-10-13,2024,10,98,93,29,126,246,38,91,,35,82,,592,246,838,false,false,false,false,
2024-10-20,2024,10,102,70,35,139,177,36,66,,33,57,,523,192,715,false,false,false,false,
2024-10-27,2024,10,84,55,0,149,255,43,59,,35,68,,543,205,748,false,false,false,false,
2024-11-03,2024,11,113,71,50,129,187,42,78,,40,81,,550,241,791,false,false,false,false,
2024-11-10,2024,11,110,74,39,172,163,39,109,,36,98,,558,282,840,false,false,false,false,
2024-11-17,2024,11,95,99,41,175,197,36,75,,36,103,,607,250,857,false,false,false,false,
2024-11-24,2024,11,105,100,33,211,202,38,130,,0,98,,651,266,917,false,false,false,false,
2024-12-01,2024,12,97,105,0,181,255,3,100,,0,81,,638,184,822,false,false,false,false,
2024-12-08,2024,12,87,91,50,176,186,53,94,,51,79,,590,277,867,false,false,false,false,
2024-12-15,2024,12,109,118,36,169,224,36,86,,29,75,,656,226,882,false,false,false,false,
2024-12-22,2024,12,109,77,24,167,199,40,97,,36,60,,576,233,809,false,false,false,false,
2024-12-29,2024,12,129,0,0,0,153,50,94,,43,111,,282,298,580,false,false,false,false,
2025-01-05,2025,1,96,83,0,84,111,63,155,,53,175,,374,446,820,false,false,false,false,
2025-01-12,2025,1,,,,,228,0,,,127,222,,228,349,577,true,false,false,false,limited weather Sunday
2025-01-19,2025,1,111,79,26,152,173,40,92,,58,90,,541,280,821,false,false,false,false,
2025-01-26,2025,1,109,78,40,153,172,40,95,,48,145,,552,328,880,false,false,false,false,
2025-02-02,2025,2,97,111,41,171,178,40,86,,42,78,,598,246,844,false,false,false,false,
2025-02-09,2025,2,96,102,0,254,150,40,86,,18,108,,602,252,854,false,false,false,false,
2025-02-16,2025,2,96,74,38,136,217,55,97,,49,106,,561,307,868,false,false,false,false,
2025-02-23,2025,2,96,98,49,217,191,46,86,,37,79,,651,248,899,false,false,false,false,
2025-03-02,2025,3,111,62,32,133,204,44,96,,36,108,,542,284,826,false,false,false,false,
2025-03-09,2025,3,74,77,27,170,162,31,57,,43,58,,510,189,699,false,false,false,false,
2025-03-16,2025,3,100,85,0,121,130,47,62,,29,101,,436,239,675,false,false,false,false,
2025-03-23,2025,3,98,80,43,155,195,29,60,,38,93,,571,220,791,false,false,false,false,
2025-03-30,2025,3,103,79,0,163,201,33,103,,37,100,,546,273,819,false,false,false,false,
2025-04-06,2025,4,108,87,39,153,196,29,98,,30,103,,583,260,843,false,false,false,false,
2025-04-13,2025,4,124,74,0,242,220,43,76,,34,95,,660,248,908,false,false,false,false,
2025-04-20,2025,4,416,330,0,271,266,52,141,,46,99,,1283,338,1621,false,true,false,false,Easter Sunday
2025-04-27,2025,4,115,73,42,119,213,27,70,,29,89,,562,215,777,false,false,false,false,
2025-05-04,2025,5,206,0,37,0,304,76,34,,95,34,,547,239,786,false,false,false,false,
2025-05-11,2025,5,111,75,0,237,140,79,29,,76,32,,563,216,779,false,false,false,false,
2025-05-18,2025,5,114,79,38,193,144,66,32,,54,36,,568,188,756,false,false,false,false,
2025-05-25,2025,5,89,78,0,124,125,31,74,,30,78,,416,213,629,false,false,false,false,
2025-06-01,2025,6,94,71,20,140,187,31,65,,30,106,,512,232,744,false,false,false,false,
2025-06-08,2025,6,101,102,24,144,169,42,58,,30,60,,540,190,730,false,false,false,false,
2025-06-15,2025,6,92,67,27,155,126,27,79,,35,54,,467,195,662,false,false,false,false,
2025-06-22,2025,6,123,75,40,135,141,33,73,,36,69,,514,211,725,false,false,false,false,
2025-06-29,2025,6,79,106,34,174,137,31,72,,27,63,,530,193,723,false,false,false,false,
2025-07-06,2025,7,109,99,0,179,150,36,54,,37,99,,537,226,763,false,false,false,false,
2025-07-13,2025,7,90,85,0,114,264,35,64,,41,92,,553,232,785,false,false,false,false,
2025-07-20,2025,7,117,71,24,133,144,37,81,,36,76,,489,230,719,false,false,false,false,
2025-07-27,2025,7,93,87,13,127,180,31,80,,32,85,,500,228,728,false,false,false,false,
2025-08-03,2025,8,104,87,21,171,166,32,86,,30,59,,549,207,756,false,false,false,false,
2025-08-11,2025,8,115,86,0,159,304,32,82,,35,69,,664,218,882,false,false,false,false,
2025-08-17,2025,8,143,106,50,130,191,33,88,,28,58,,620,207,827,false,false,false,false,
2025-08-24,2025,8,98,92,37,170,190,33,95,,29,97,,587,254,841,false,false,false,false,
2025-08-31,2025,8,92,89,0,157,187,40,107,,31,62,,525,240,765,false,false,false,false,
2025-09-07,2025,9,127,86,28,166,219,35,88,,34,101,,626,258,884,false,false,false,false,
2025-09-28,2025,9,96,78,0,252,142,30,100,,27,63,,568,220,788,false,false,false,false,
2025-10-05,2025,10,106,84,0,75,184,30,67,,28,58,,449,183,632,false,false,false,false,
2025-10-19,2025,10,75,103,37,145,172,42,98,,33,79,,532,252,784,false,false,false,false,
2025-10-26,2025,10,104,74,30,137,188,38,74,,28,90,,533,230,763,false,false,false,false,
2025-11-02,2025,11,114,95,25,154,186,49,80,,36,82,,574,247,821,false,false,false,false,
2025-11-09,2025,11,96,84,40,181,189,62,92,,47,97,,590,298,888,false,false,false,false,
2025-11-16,2025,11,142,99,40,181,193,44,59,,52,73,,655,228,883,false,false,false,false,
2025-11-23,2025,11,207,0,0,0,385,72,145,,44,116,,592,377,969,false,false,false,false,
2025-11-30,2025,11,112,68,0,176,229,57,97,,62,102,,585,318,903,false,false,false,false,
2025-12-07,2025,12,122,90,29,170,174,43,81,,42,96,,585,262,847,false,false,false,false,
2025-12-14,2025,12,113,87,42,241,191,44,112,,53,146,,674,355,1029,false,false,false,false,
2025-12-21,2025,12,124,88,29,153,170,34,125,,64,110,,564,333,897,false,false,false,false,
2025-12-28,2025,12,163,0,0,181,0,93,107,,29,117,,344,346,690,false,false,false,false,
2026-01-04,2026,1,114,135,42,265,215,41,12,,28,18,,771,99,870,false,false,false,false,
2026-01-11,2026,1,107,96,41,209,239,35,32,,33,9,,692,109,801,false,false,false,false,
2026-01-18,2026,1,140,83,37,215,227,40,98,,29,109,,702,276,978,false,false,false,false,
2026-01-25,2026,1,,,0,,,100,264,,71,232,,0,667,667,true,false,false,true,snow closure
2026-02-01,2026,2,,,0,,,101,311,,72,232,,0,716,716,true,false,false,true,snow closure
2026-02-08,2026,2,109,91,40,189,226,39,91,,28,134,,655,292,947,false,false,false,false,
2026-02-15,2026,2,113,97,0,166,221,37,114,,33,98,,597,282,879,false,false,false,false,
2026-02-22,2026,2,101,93,30,163,225,40,100,,35,101,,612,276,888,false,false,false,false,
2026-03-01,2026,3,93,104,0,165,212,59,93,,38,77,,574,267,841,false,false,false,false,
2026-03-08,2026,3,65,89,0,117,154,89,86,,39,87,,425,301,726,false,false,false,false,
2026-03-15,2026,3,77,81,30,200,193,63,81,,46,95,,581,285,866,false,false,false,false,
2026-03-22,2026,3,120,103,0,208,181,81,82,,54,88,,612,305,917,false,false,false,false,
2026-03-29,2026,3,122,115,0,348,196,43,107,,54,90,,781,294,1075,false,false,false,false,
2026-04-05,2026,4,297,192,0,370,527,47,149,,37,152,,1386,385,1771,false,true,false,false,Easter Sunday
2026-04-12,2026,4,126,104,41,141,165,26,192,,44,200,,577,462,1039,false,false,false,false,
2026-04-19,2026,4,130,105,34,168,223,67,106,,43,110,,660,326,986,false,false,false,false,
2026-04-26,2026,4,112,90,27,159,267,55,103,,37,65,,655,260,915,false,false,false,false,
2026-05-03,2026,5,118,93,19,174,139,77,89,,52,75,,543,293,836,false,false,false,false,
2026-05-10,2026,5,114,110,15,149,285,50,61,,36,59,,673,206,879,false,false,false,false,
2026-05-17,2026,5,122,79,24,185,142,68,88,,41,57,,552,254,806,false,false,false,false,
2026-05-24,2026,5,93,89,0,112,166,63,126,,55,116,,460,360,820,false,false,false,false,
2026-05-31,2026,5,96,89,22,132,149,48,72,,39,90,,488,249,737,false,false,false,false,
2026-06-07,2026,6,138,127,18,149,152,,69,,,75,,584,144,728,false,false,false,false,
2026-06-14,2026,6,104,101,32,162,171,,77,,,97,,570,174,744,false,false,false,false,
2026-06-21,2026,6,86,84,0,91,247,,69,,,82,,508,151,659,false,false,false,false,
2026-06-28,2026,6,82,73,23,132,161,,111,,,89,,471,200,671,false,false,false,false,
2026-07-05,2026,7,79,74,,120,141,,65,,,66,,414,131,545,false,false,false,false,
